[dD]’Urville|d’Urv.
A\. ?Bennett|A.Benn.
A\. ?Dietrich|A.Dietr.
# A\. ?E\. ?Bobrov|A.E.Bobr.
A\. ?E\. ?Porsild|A.E.Porsild
A\. ?Murray|A.Murr.
Abromeit|Abrom.
# Aiton|Ait.
Allioni|All.
Almquist|Almq.
Andersson|Anderss.
Andrzejowski|Andrz.
Applequist|Appleq.
Arcangeli|Arcang.
Arnott|Arn.
Ascherson|Asch.
B\. ?L\. ?Robinson|B.L.Rob.
B\. ?M\. ?Murray|Murr.
B\. ?Meyer|B.Mey.
Babcock|Babc.
Babington|Bab.
Bacigalupi|Bacig.
Balbis|Balb.
Bartram|Bart.
Beauvois|Beauv.
Beissner|Beissn.
Bentham|Benth.
Berggren|Berggr.
Bernhardi|Bernh.
Berthelot|Berthel.
Bertrand|Bert.
Bescherelle|Besch.
Bessey|Bessey.
Beurling|Beurl.
Bigelow|Bigel.
Björnström|Björnstr.
Blankenship|Blank.
Blomgren|Blomgr.
Boeckeler|Boeck.
Boeckler|Boeck.
Boenninghausen|Boenn.
Boissier|Boiss.
# Bolton|Bol.
Bomansson|Bom.
Bongard|Bong.
Borkhausen|Borkh.
# Bosch|Bosc.
Botschantzev|Botsch.
Bottini|Bott.
Brackenridge|Brack.
Brackett|Brack.
Braithwaite|Braithw.
Braun-Blanquet|Braun-Blanq.
Bridel|Brid.
# Britton|Britt.
Brotherus|Broth.
Brown|Br.
Buchenau|Buch.
C\. ?A\. ?Meyer|C.A.Mey.
C\. ?C\. ?Gmelin|C.C.Gmel.
C\. ?C\. ?Gmelin|Gmel.
C\. ?Christensen|C.Chr.
C\. ?J\. ?Hartman|Hartm.
C\. ?K\. ?Schneider|C.K.Schneid.
C\. ?L\. ?Hitchcock|C.L.Hitchc.
Cassini|Cass.
Celakovsky|Celak.
Chamisso|Cham.
Cherniawsky|Chern.
Chmielewski|Chmiel.
Châtelain|Châtel.
Clements|Clem.
Copeland|Copel.
Coulter|Coult.
Coville|Cov.
Critchfield|Critchf.
Cronquist|Cronq.
Crundwell|Crundw.
Cufodontis|Cufod.
Culmann|Culm.
Czerepanov|Czerep.
Czernajew|Czern.
D\. ?Dietrich|D.Dietr.
Dahlstedt|Dahlst.
[Dd]e Candolle|DC.
De Notaris|De Not.
Degland|Degl.
Descourtilz|Descourt.
Desfontaines|Desf.
Desvaux|Desv.
Dickson|Dicks.
Dietrich|Dietr.
Dismier|Dism.
M\. ?Henderson|M.Hend.
Drummond|Drumm.
Dumortier|Dumort.
# E\. ?Ekman|E.Ekm.
E\. ?Fournier|E.Fourn.
E\. ?Meyer|E.Mey.
E\. ?Sheldon|E.Sheld.
Eastwood|Eastw.
Egorova|Egor.
Ehrhart|Ehrh.
Elfstraud|Elfstr.
Elliott|Ell.
Engelmann|Engelm.
Engler|Engl.
F\. ?H\. ?Wiggers|F.H.Wigg.
F\. ?J\. ?Hermann|F.J.Herm.
F\. ?Nylander|F.Nyl.
F\. ?Seymour|F.Seym.
F\. ?T\. ?Hubbard|F.T.Hubb.
Farwell|Farw.
Federov|Fed.
Fedtschenko|Fedtsch.
# Fernald|Fern.
Fieber|Fieb.
Fischer|Fisch.
Floderus|Flod.
Fourreau|Fourr.
Franchet|Franch.
Fries|Fr.
G\. ?H\. ?M\. ?Lawrence|G.H.M.Lawr.
G\. ?Loddiges|G.Lodd.
G\. ?Zinserling|G.Zinserl.
Gaertner|Gaertn.
Gandoger|Gand.
Gaudin|Gaud.
Gawler|Gawl.
Geheeb|Geh.
Giacomini|Giacom.
Gilibert|Gilib.
Gingins|Ging.
Gjaerevoll|Gjaerev.
Gmelin|Gmel.
Godron|Godr.
Goodding|Goodd.
Gorodkov|Gorodk.
Grabowski|Grab.
Graebner|Graebn.
Greenman|Greenm.
Grenier|Gren.
Greville|Grev.
Gunnerus|Gunn.
Gussone|Guss.
H\. ?Karsten|H.Karst.
H\. ?Klinggraff|H.Klinggr.
H\. ?Lindberg|H.Lindb.
H\. ?Robinson|H.Rob.
# Haglund|Hagl.
Hagström|Hagstr.
Harshberger|Harshb.
Hartmann?|Hartm.
Harvey|Harv.
Hattori|Hatt.
Hawksworth|Hawksw.
Haworth|Haw.
Hedwig|Hedw.
Heldreich|Heldr.
Hellquist|Hellq.
Hervey|Herv.
Heywood|Heyw.
Hieronymus|Hieron.
Hilferty|Hilf.
Hitchcock|Hitchc.
Hochstetter|Hochst.
Holub|Holub.
Holzinger|Holz.
Hooker|Hook.
Horikawa|Horik.
Hornemann?|Hornem.
Hornschuch|Hornsch.
Houtte|Houtt.
Hudson|Huds.
# Hult[ée]n|Hult.
Husnot|Husn.
Hylander|Hyl.
Höhnel|Höhn.
I\. ?M\. ?Johnston|I.M.Johnst.
Irmscher|Irmsch.
Isoviita|Isov.
Itzigsohn|Itzigs.
J\. ?E\. ?Zetterstedt|J.E.Zetterst.
J\. ?F\. ?Gmelin|J.F.Gmel.
J\. ?F\. ?Macbride|J.F.Macbr.
J\. ?G\. ?Smith|J.G.Sm.
J\. ?H\. ?Schaffner|J.H.Schaffn.
J\. ?M\. ?Coulter|J.M.Coult.
Jacquin|Jacq.
Janchen|Janch.
Janczewski|Jancz.
Jennings|Jenn.
Jepson|Jeps.
Jolyclerc|Jolycl.
Jordal|Jord.
Juratzs?ka|Jur.
# Jurtzev|Jurtz.
Juzepczuk|Juz.
Kaalaas|Kaal.
Karczmarz|Karczm.
Karelin|Kar.
Kellogg|Kellog.
Kennedy|Kenn.
Kindberg|Kindb.
Kirilov|Kir.
Kitagawa|Kitag.
Kitaibel|Kit.
Kitamura|Kitam.
Kjellmann?|Kjellm.
Klinggraff|Klinggr.
Knowlton|Knowlt.
Koidzumi|Koidz.
Komarov|Kom.
Kozhanchikov|Kozhanch.
Kozhevnikov|Kozhevn.
Krecze?towicz|Krecz.
Krylov|Kryl.
Kuzeneva|Kuzen.
Kükenthal|Kük.
L\. ?A\. ?Standley|L.A.Standl.
L\. ?F\. ?Henderson|L.F.Hend.
Labillardière|Labill.
Laestadius|Laest.
Lamarck|Lam.
Lambert|Lamb.
Langsdorff|Langsd.
Ledebour|Ledeb.
Lehmann|Lehm.
Lejeune|Lej.
Lesquereux|Lesq.
Lessing|Less.
Lightfoot|Lightf.
Liljeblad|Lilj.
Limpricht|Limpr.
Lindberg|Lindb.
Lindeberg|Lindeb.
Lindley|Lindl.
Lindman|Lindm.
Linnaeus|L.
Loddiges|Lodd.
Loesener|Loes.
Loiseleur|Loisel.
Loureiro|Lour.
Lundström|Lundstr.
M\. ?Bieberstein|M.Bieb.
M\. ?Fleischer|M.Fleisch.
M\. ?Roemer|M.Roem.
Macbride|Macbr.
Macfarland|Macfarl.
Mackenzie|Mack.
MacMillan|MacMill.
Margadant|Margad.
Martius|Mart.
Matsumura|Matsum.
Maximowicz|Maxim.
Medikus|Medik.
Meinshausen|Meinsh.
Meisner|Meisn.
Menzies|Menz.
E\. ?D\. ?Merrill|Merr.
Mertens|Mert.
Michaux|Michx.
Mielichhofer|Mielich.
Mikutowicz|Mikut.
Miller|Mill.
Millspaugh|Millsp.
Miquel|Miq.
Mitten|Mitt.
Mociño|Moc.
Moquin-Tandon|Moq.
Muhlenberg|Muhl.
Mulligan|Mull.
# Murray|Murr.
Mönkemeyer|Mönk.
Müller|Müll.
Nannfeldt|Nannf.
Nathorst|Nath.
Necker|Neck.
Neygenfind|Neygenf.
Niedenzu|Nied.
Nieuwland|Nieuwl.
Nishimura|Nishim.
Nordenskiöld|Nordensk.
Nordhagen|Nordh.
Norrlin|Norrl.
Notaris|Not.
Nuttall|Nutt.
Nylander|Nyl.
Nyárády|Nyár.
Ostenfeld|Ostenf.
Osterhout|Osterh.
Oteng-Yeboah|Oteng-Yeb.
Ownbey|Ownb.
P\. ?Beauvois|P.Beauv.
P\. ?Gaertner|P.Gaertn.
Pallas|Pall.
Pampanini|Pamp.
Parlatore|Parl.
Pavlick|Pav.
Perfiljev|Perfil.
Persoon|Pers.
Persson|Perss.
Petagna|Petagn.
Petrak|Petr.
Pfitzer|Pfitz.
Philibert|Philib.
Philippi|Phil.
Pilger|Pilg.
Pobedimova|Pobed.
Podpera|Podp.
Poiret|Poir.
Pojarkova|Pojark.
# Polunin|Polun.
Prescott|Presc.
Pritzel|Pritz.
Provancher|Prov.
R\. ?Brown|R.Br.
Rabenhorst|Rabenh.
Rafinesque|Raf.
Rebristaya|Rebrist.
Rechinger|Rech.
Regel|Reg.
Reichenbach|Rchb.
Retzius|Retz.
Richardson|Richards.
Richter|Richt.
Robinson|Rob.
Robson|Robs.
Roemer|Roem.
Rosendahl|Rosend.
Rosenvinge|Rosenv.
Rothrock|Rothr.
Rottbøll|Rottb.
Ruprecht|Rupr.
Ruyle-Douglas|Ruyle-Dougl.
Rydberg|Rydb.
Röhling|Röhl.
S\. ?Brown|S.Br.
S\. ?G\. ?Gmelin|S.G.Gmel.
S\. ?Hattori|S.Hatt.
Salisbury|Salisb.
Samuelsson|Samuels.
Sargent|Sarg.
Sarntheim|Sarnth.
Sauerbeck|Sauerb.
Savatier|Sav.
Schimper|Schimp.
Schischkin|Schischk.
Schkuhr|Schk.
Schlech?tendah?l|Schltdl.
Schleicher|Schleich.
Schliephacke|Schlieph.
Schneider|Schneid.
Schrader|Schrad.
Schreber|Schreb.
Schultes|Schult.
Schweigger|Schweigg.
Schweinitz|Schwein.
Schwägrichen|Schwägr.
Scopoli|Scop.
Seemann?|Seem.
Selander|Sel.
Sendtner|Sendtn.
Sergievska[yj]a|Serg.
Seringe|Ser.
Sheldon|Sheld.
Sibthorp|Sibth.
Simmons|Simm.
Simonkai|Simonk.
Siplivinskij|Sipliv.
Slosson|Sloss.
Smith|Sm.
Solander|Soland.
Sommerfelt|Sommerf.
Spenner|Spenn.
Sprengel|Spreng.
Standley|Standl.
Stephani|Steph.
Sternberg|Sternb.
Steudel|Steud.
Steyermark|Steyerm.
Stirton|Stirt.
Stockwell|Stockw.
Sudworth|Sudw.
Suksdorf|Suksd.
Sullivant|Sull.
Szlachetko|Szlach.
Tatewaki|Tatew.
Tausch|Tausch.
Tenore|Ten.
Thedenius|Thed.
Thellung|Thell.
Thuillier|Thuill.
Thunberg|Thunb.
Thériot|Thér.
Tidestrom|Tidestr.
Tolmat?che[wv]|Tolm.
Torrey|Torr.
Trattinnick|Tratt.
Trautvetter|Trautv.
Trelease|Trel.
Treviranus|Trevir.
Tuckerman|Tuck.
Tuomikoski|Tuom.
Turczaninov|Turcz.
# Tzvelev|Tzvel.
Ulbrich|Ulbr.
Underwood|Underw.
V\. ?I\. ?Krecze?towicz|V.I.Krecz.
Ventenat|Vent.
Victorin|Vict.
Vierhapper|Vierh.
Villars|Vill.
Voroschilov|Vorosch.
W\. ?Loddiges|W.Lodd.
Wahlenberg|Wahlenb.
Waldstein|Waldst.
Wallroth|Wallr.
Walpers|Walp.
Warburg|Warb.
Warming|Warm.
Warnstorf|Warnst.
# Watson|Wats.
Weatherby|Weath.
Weddell|Wedd.
Weinmann|Weinm.
Wenzig|Wenz.
# Wiegand|Wieg.
Wiggers|Wigg.
Willdenow|Willd.
Wimmer|Wimm.
Withering|With.
Wohlleben|Wohll.
Wormskj[öo]ld|Wormsk.
Wulfen|Wulf.
Z\. ?Iwatsuki|Z.Iwats.
Zetterstedt|Zetterst.
Zuccarini|Zucc.
[AÅ]ngstrom|Ångstr.
